ts,x,y,yaw,x_des,y_des,yaw_des,v_ff,w_ff,v_actual,w_actual,omega_l_cmd,omega_r_cmd,omega_l_meas,omega_r_meas,duty_l,duty_r,x_err,y_err,yaw_err,x_raw,y_raw,yaw_raw,acc_x,acc_y,acc_z,gyro_x,gyro_y,gyro_z
15663,,,,,,,,,,,,,0.000000,0.000000,0.000000,0.000000,,,,,,,,,,,,
15673,,,,,,,,,,,,,0.000000,0.000000,0.000000,0.000000,,,,,,,,,,,,
15683,,,,,,,,,,,,,0.000000,0.000000,0.000000,0.000000,,,,,,,,,,,,
15693,,,,,,,,,,,,,0.000000,0.000000,0.000000,0.000000,,,,,,,,,,,,
15703,,,,,,,,,,,,,0.000000,0.000000,0.000000,0.000000,,,,,,,,,,,,
15713,,,,,,,,,,,,,0.000000,0.000000,-0.489489,-0.413869,,,,,,,,,,,,
15723,,,,,,,,,,,,,-3.270530,-2.180353,-0.465728,-0.399744,,,,,,,,,,,,
15733,,,,,,,,,,,,,-7.650753,-5.100502,-0.429993,-0.377638,,,,,,,,,,,,
15743,,,,,,,,,,,,,-11.335783,-8.645730,-0.400474,-0.348572,,,,,,,,,,,,
15753,,,,,,,,,,,,,-14.446177,-11.092045,-0.376078,-0.330005,,,,,,,,,,,,
15763,,,,,,,,,,,,,-20.858130,-15.860184,-0.194196,-0.159278,,,,,,,,,,,,
15773,,,,,,,,,,,,,-26.811893,-21.516991,-0.136479,-0.104012,,,,,,,,,,,,
15783,,,,,,,,,,,,,-29.104515,-23.013136,-0.114914,-0.090053,,,,,,,,,,,,
15793,,,,,,,,,,,,,-26.660192,-20.449078,-0.141207,-0.117209,,,,,,,,,,,,
15803,,,,,,,,,,,,,-25.701103,-19.385332,-0.152840,-0.129575,,,,,,,,,,,,
15813,,,,,,,,,,,,,-25.433661,-19.575464,0.016324,0.037685,,,,,,,,,,,,
15823,,,,,,,,,,,,,-24.128052,-17.016428,0.004322,0.013168,,,,,,,,,,,,
15833,,,,,,,,,,,,,-21.390535,-14.862218,-0.022547,-0.007732,,,,,,,,,,,,
15843,,,,,,,,,,,,,-19.630154,-13.593175,-0.039997,-0.020034,,,,,,,,,,,,
15853,,,,,,,,,,,,,-18.153221,-11.437296,-0.054907,-0.041635,,,,,,,,,,,,
15863,,,,,,,,,,,,,-16.354132,-9.623339,0.135637,0.127027,,,,,,,,,,,,
15875,,,,,,,,,,,,,-14.222743,-8.097075,0.117494,0.114725,,,,,,,,,,,,
15883,,,,,,,,,,,,,-11.967014,-6.812878,0.097657,0.104586,,,,,,,,,,,,
15893,,,,,,,,,,,,,-10.069044,-5.732355,0.081018,0.096268,,,,,,,,,,,,
15903,,,,,,,,,,,,,-8.472093,-4.823203,0.067070,0.089482,,,,,,,,,,,,
15913,,,,,,,,,,,,,-7.128417,-4.058242,0.249319,0.249783,,,,,,,,,,,,
15923,,,,,,,,,,,,,-5.453306,-2.325518,0.237788,0.237513,,,,,,,,,,,,
15933,,,,,,,,,,,,,-2.958042,-0.869778,0.217556,0.227721,,,,,,,,,,,,
15943,,,,,,,,,,,,,-0.855593,0.357038,0.200833,0.219973,,,,,,,,,,,,
15953,,,,,,,,,,,,,1.462861,2.483168,0.181485,0.202807,,,,,,,,,,,,
15963,,,,,,,,,,,,,2.862033,3.720520,0.327866,0.335219,,,,,,,,,,,,
15973,,,,,,,,,,,,,5.681921,5.858617,0.305735,0.320022,,,,,,,,,,,,
15983,,,,,,,,,,,,,9.111993,8.177858,0.276817,0.302549,,,,,,,,,,,,
15993,,,,,,,,,,,,,13.135778,11.256008,0.241156,0.276872,,,,,,,,,,,,
16003,,,,,,,,,,,,,15.960202,13.287951,0.216924,0.261250,,,,,,,,,,,,
16013,,,,,,,,,,,,,17.241859,14.993426,0.352566,0.374876,,,,,,,,,,,,
16023,,,,,,,,,,,,,19.941319,18.049488,0.331625,0.350537,,,,,,,,,,,,
16033,,,,,,,,,,,,,22.216984,20.625198,0.314466,0.330487,,,,,,,,,,,,
16043,,,,,,,,,,,,,24.143158,22.803831,0.300418,0.313972,,,,,,,,,,,,
16053,,,,,,,,,,,,,26.305223,25.178314,0.283578,0.295024,,,,,,,,,,,,
16063,,,,,,,,,,,,,28.136393,26.642469,0.433595,0.407299,,,,,,,,,,,,
16075,,,,,,,,,,,,,27.823736,26.105663,0.444413,0.419678,,,,,,,,,,,,
16083,,,,,,,,,,,,,37.317501,35.209694,0.355267,0.333829,,,,,,,,,,,,
16093,,,,,,,,,,,,,41.780560,38.367847,0.315536,0.306806,,,,,,,,,,,,
16103,,,,,,,,,,,,,43.858143,39.898689,0.299244,0.295750,,,,,,,,,,,,
16113,,,,,,,,,,,,,45.608833,41.189026,0.410460,0.382036,,,,,,,,,,,,
16123,,,,,,,,,,,,,47.629726,42.822140,0.396424,0.371239,,,,,,,,,,,,
16133,,,,,,,,,,,,,49.886253,44.206047,0.379580,0.362658,,,,,,,,,,,,
16143,,,,,,,,,,,,,52.312336,45.900688,0.360555,0.350630,,,,,,,,,,,,
16153,,,,,,,,,,,,,54.915176,47.885479,0.339242,0.335304,,,,,,,,,,,,
16163,,,,,,,,,,,,,56.010342,49.006142,0.374241,0.369010,,,,,,,,,,,,
16173,,,,,,,,,,,,,57.998390,50.474361,0.359273,0.359129,,,,,,,,,,,,
16183,,,,,,,,,,,,,59.715809,51.747696,0.346667,0.350941,,,,,,,,,,,,
16193,,,,,,,,,,,,,61.115086,53.323696,0.336962,0.339411,,,,,,,,,,,,
16203,,,,,,,,,,,,,62.869080,54.678139,0.323360,0.329827,,,,,,,,,,,,
16213,,,,,,,,,,,,,63.744427,56.310253,0.444928,0.427864,,,,,,,,,,,,
16223,,,,,,,,,,,,,65.679543,57.781933,0.431434,0.418658,,,,,,,,,,,,
16233,,,,,,,,,,,,,67.769745,60.037132,0.415971,0.401165,,,,,,,,,,,,
16243,,,,,,,,,,,,,70.076134,61.938076,0.397885,0.386834,,,,,,,,,,,,
16253,,,,,,,,,,,,,72.065155,63.579906,0.382574,0.374766,,,,,,,,,,,,
16263,,,,,,,,,,,,,73.682465,64.912125,0.363351,0.386176,,,,,,,,,,,,
16275,,,,,,,,,,,,,69.395729,61.553909,0.411189,0.424918,,,,,,,,,,,,
16283,,,,,,,,,,,,,76.929451,69.007065,0.339315,0.354056,,,,,,,,,,,,
16293,,,,,,,,,,,,,77.806618,70.050873,0.333832,0.347079,,,,,,,,,,,,
16303,,,,,,,,,,,,,78.547287,70.931534,0.329566,0.341558,,,,,,,,,,,,
16313,,,,,,,,,,,,,79.135231,72.183769,0.360997,0.390457,,,,,,,,,,,,
16323,,,,,,,,,,,,,79.652100,72.714165,0.359420,0.389226,,,,,,,,,,,,
16333,,,,,,,,,,,,,80.094841,73.712448,0.358496,0.383117,,,,,,,,,,,,
16343,,,,,,,,,,,,,81.001289,74.542381,0.352753,0.378525,,,,,,,,,,,,
16353,,,,,,,,,,,,,81.251015,75.816490,0.353527,0.369237,,,,,,,,,,,,
16363,,,,,,,,,,,,,82.514229,76.308968,0.392771,0.425907,,,,,,,,,,,,
16373,,,,,,,,,,,,,83.027443,77.262337,0.391513,0.420679,,,,,,,,,,,,
16383,,,,,,,,,,,,,84.015984,78.620735,0.385305,0.411129,,,,,,,,,,,,
16393,,,,,,,,,,,,,84.854828,80.315269,0.380425,0.397879,,,,,,,,,,,,
16403,,,,,,,,,,,,,85.567719,81.203102,0.376663,0.392518,,,,,,,,,,,,
16413,,,,,,,,,,,,,86.112442,81.897141,0.437419,0.446898,,,,,,,,,,,,
16423,,,,,,,,,,,,,87.182701,83.090477,0.430994,0.439240,,,,,,,,,,,,
16433,,,,,,,,,,,,,88.592056,84.604698,0.420897,0.428071,,,,,,,,,,,,
16443,,,,,,,,,,,,,89.776367,85.333191,0.412812,0.424614,,,,,,,,,,,,
16455,,,,,,,,,,,,,87.877747,84.579971,0.435937,0.436124,,,,,,,,,,,,
16463,,,,,,,,,,,,,89.588120,86.102104,0.490310,0.478932,,,,,,,,,,,,
16473,,,,,,,,,,,,,91.233017,87.753204,0.478655,0.466831,,,,,,,,,,,,
16483,,,,,,,,,,,,,93.582062,89.026535,0.459490,0.458252,,,,,,,,,,,,
16493,,,,,,,,,,,,,95.077866,90.700249,0.448557,0.445335,,,,,,,,,,,,
16503,,,,,,,,,,,,,96.850693,92.080132,0.434500,0.435080,,,,,,,,,,,,
16513,,,,,,,,,,,,,97.883835,92.776970,0.484245,0.482780,,,,,,,,,,,,
16523,,,,,,,,,,,,,98.710457,93.868507,0.480388,0.476056,,,,,,,,,,,,
16533,,,,,,,,,,,,,100.461205,95.299294,0.466939,0.465653,,,,,,,,,,,,
16543,,,,,,,,,,,,,101.432549,95.998703,0.461090,0.462425,,,,,,,,,,,,
16553,,,,,,,,,,,,,102.762009,97.101425,0.451395,0.454942,,,,,,,,,,,,
16563,,,,,,,,,,,,,103.856277,98.006439,0.579844,0.569253,,,,,,,,,,,,
16573,,,,,,,,,,,,,105.941811,99.382362,0.564618,0.560935,,,,,,,,,,,,
16583,,,,,,,,,,,,,108.150909,101.545418,0.547715,0.544314,,,,,,,,,,,,
16593,,,,,,,,,,,,,110.041939,103.939972,0.533615,0.524898,,,,,,,,,,,,
16603,,,,,,,,,,,,,111.654007,104.885689,0.521982,0.519782,,,,,,,,,,,,
16613,,,,,,,,,,,,,113.021843,106.236916,0.434914,0.477513,,,,,,,,,,,,
16623,,,,,,,,,,,,,114.153671,107.355858,0.426062,0.469527,,,,,,,,,,,,
16633,,,,,,,,,,,,,114.071075,107.805267,0.429370,0.468146,,,,,,,,,,,,
16643,,,,,,,,,,,,,114.455055,108.639603,0.427936,0.462749,,,,,,,,,,,,
16655,,,,,,,,,,,,,106.879692,101.986572,0.507610,0.533557,,,,,,,,,,,,
16663,,,,,,,,,,,,,112.609520,107.825363,0.554047,0.584903,,,,,,,,,,,,
16673,,,,,,,,,,,,,114.331650,109.218369,0.541236,0.575894,,,,,,,,,,,,
16683,,,,,,,,,,,,,115.849350,111.547043,0.530165,0.557063,,,,,,,,,,,,
16693,,,,,,,,,,,,,118.129028,113.422050,0.511019,0.542394,,,,,,,,,,,,
16703,,,,,,,,,,,,,119.574135,115.613686,0.499929,0.524120,,,,,,,,,,,,
16713,,,,,,,,,,,,,119.135246,116.347794,0.509408,0.533745,,,,,,,,,,,,
16723,,,,,,,,,,,,,119.810669,116.921684,0.505999,0.531651,,,,,,,,,,,,
16733,,,,,,,,,,,,,120.976944,118.001068,0.497450,0.524286,,,,,,,,,,,,
16743,,,,,,,,,,,,,122.379677,119.875778,0.486255,0.508593,,,,,,,,,,,,
16753,,,,,,,,,,,,,123.170860,120.518120,0.481017,0.505095,,,,,,,,,,,,
16763,,,,,,,,,,,,,121.659943,120.520294,0.391198,0.399821,,,,,,,,,,,,
16773,,,,,,,,,,,,,121.981949,119.933197,0.388774,0.406614,,,,,,,,,,,,
16783,,,,,,,,,,,,,120.587570,118.863747,0.403793,0.418443,,,,,,,,,,,,
16793,,,,,,,,,,,,,119.943565,118.493141,0.411436,0.423359,,,,,,,,,,,,
16803,,,,,,,,,,,,,120.025368,118.259125,0.411806,0.426955,,,,,,,,,,,,
16813,,,,,,,,,,,,,119.500092,118.013977,0.380011,0.384531,,,,,,,,,,,,
16823,,,,,,,,,,,,,119.076653,117.826241,0.384871,0.386846,,,,,,,,,,,,
16833,,,,,,,,,,,,,118.679665,116.540001,0.389546,0.400402,,,,,,,,,,,,
16843,,,,,,,,,,,,,117.792900,115.992592,0.399296,0.406681,,,,,,,,,,,,
16855,,,,,,,,,,,,,113.778763,111.805611,0.441122,0.450192,,,,,,,,,,,,
16863,,,,,,,,,,,,,113.232040,112.917877,0.522968,0.497363,,,,,,,,,,,,
16873,,,,,,,,,,,,,115.385323,114.033852,0.504262,0.488515,,,,,,,,,,,,
16883,,,,,,,,,,,,,117.217186,114.991844,0.488403,0.481054,,,,,,,,,,,,
16893,,,,,,,,,,,,,118.235962,115.818855,0.480471,0.474738,,,,,,,,,,,,
16903,,,,,,,,,,,,,119.641899,115.973701,0.468387,0.475112,,,,,,,,,,,,
16913,,,,,,,,,,,,,120.315430,116.683205,0.328948,0.352255,,,,,,,,,,,,
16923,,,,,,,,,,,,,119.714592,116.114868,0.334279,0.357529,,,,,,,,,,,,
16933,,,,,,,,,,,,,118.160194,115.131393,0.349456,0.367150,,,,,,,,,,,,
16943,,,,,,,,,,,,,116.852325,113.214371,0.362429,0.386490,,,,,,,,,,,,
16953,,,,,,,,,,,,,115.758865,112.697891,0.373477,0.391928,,,,,,,,,,,,
16963,,,,,,,,,,,,,114.798775,111.679550,0.327377,0.362196,,,,,,,,,,,,
16973,,,,,,,,,,,,,113.480957,111.401260,0.340026,0.364720,,,,,,,,,,,,
16983,,,,,,,,,,,,,112.291428,110.541573,0.351630,0.373229,,,,,,,,,,,,
16993,,,,,,,,,,,,,111.434029,109.414864,0.360084,0.384634,,,,,,,,,,,,
17003,,,,,,,,,,,,,110.118134,108.964462,0.373386,0.389367,,,,,,,,,,,,
17013,,,,,,,,,,,,,109.510620,108.539925,0.323512,0.332637,,,,,,,,,,,,
17023,,,,,,,,,,,,,108.972572,108.698738,0.328163,0.330128,,,,,,,,,,,,
17033,,,,,,,,,,,,,108.048706,107.818306,0.336857,0.338188,,,,,,,,,,,,
17043,,,,,,,,,,,,,107.289406,106.549637,0.344057,0.350384,,,,,,,,,,,,
17055,,,,,,,,,,,,,100.065559,99.443115,0.417347,0.422380,,,,,,,,,,,,
17063,,,,,,,,,,,,,105.744408,105.220680,0.409461,0.406106,,,,,,,,,,,,
17073,,,,,,,,,,,,,105.886307,105.445641,0.408890,0.404404,,,,,,,,,,,,
17083,,,,,,,,,,,,,105.965126,105.050079,0.408934,0.408987,,,,,,,,,,,,
17093,,,,,,,,,,,,,106.046638,105.276718,0.408935,0.407303,,,,,,,,,,,,
17103,,,,,,,,,,,,,106.098343,104.906319,0.409224,0.411663,,,,,,,,,,,,
17113,,,,,,,,,,,,,106.654793,105.108582,0.280643,0.278363,,,,,,,,,,,,
17123,,,,,,,,,,,,,106.123138,103.729904,0.284335,0.290455,,,,,,,,,,,,
17133,,,,,,,,,,,,,104.525497,102.511826,0.299006,0.301185,,,,,,,,,,,,
17143,,,,,,,,,,,,,102.650406,101.500648,0.316826,0.310048,,,,,,,,,,,,
17153,,,,,,,,,,,,,102.169693,100.112656,0.320799,0.322957,,,,,,,,,,,,
17163,,,,,,,,,,,,,101.214302,98.938911,0.264045,0.280207,,,,,,,,,,,,
17173,,,,,,,,,,,,,99.876137,97.416649,0.275763,0.293944,,,,,,,,,,,,
17183,,,,,,,,,,,,,98.198143,96.128731,0.291216,0.305595,,,,,,,,,,,,
17193,,,,,,,,,,,,,96.729836,94.988632,0.304865,0.315995,,,,,,,,,,,,
17203,,,,,,,,,,,,,95.033432,93.568382,0.321134,0.329481,,,,,,,,,,,,
17213,,,,,,,,,,,,,94.656433,92.879471,0.328775,0.361843,,,,,,,,,,,,
17223,,,,,,,,,,,,,94.339226,92.844093,0.331479,0.362136,,,,,,,,,,,,
17233,,,,,,,,,,,,,94.050331,93.335785,0.333958,0.357060,,,,,,,,,,,,
17243,,,,,,,,,,,,,93.891205,92.743416,0.335171,0.362944,,,,,,,,,,,,
17255,,,,,,,,,,,,,87.822693,86.856949,0.396692,0.422945,,,,,,,,,,,,
17263,,,,,,,,,,,,,94.274101,93.461525,0.249823,0.299331,,,,,,,,,,,,
17273,,,,,,,,,,,,,94.045494,93.361794,0.250095,0.299039,,,,,,,,,,,,
17283,,,,,,,,,,,,,92.122246,92.629684,0.267697,0.305217,,,,,,,,,,,,
17293,,,,,,,,,,,,,91.193634,91.620598,0.275538,0.314366,,,,,,,,,,,,
17303,,,,,,,,,,,,,89.781075,91.227890,0.288502,0.317431,,,,,,,,,,,,
17313,,,,,,,,,,,,,88.631767,90.394531,0.232397,0.277056,,,,,,,,,,,,
17323,,,,,,,,,,,,,87.073006,89.642998,0.246057,0.283085,,,,,,,,,,,,
17333,,,,,,,,,,,,,85.791466,88.498566,0.257201,0.293271,,,,,,,,,,,,
17343,,,,,,,,,,,,,84.162483,87.529106,0.272145,0.301901,,,,,,,,,,,,
17353,,,,,,,,,,,,,82.799049,86.721245,0.284707,0.309077,,,,,,,,,,,,
17363,,,,,,,,,,,,,82.190353,86.579460,0.160067,0.163245,,,,,,,,,,,,
17373,,,,,,,,,,,,,80.613274,85.397537,0.172658,0.171556,,,,,,,,,,,,
17383,,,,,,,,,,,,,78.698212,82.723686,0.189011,0.195321,,,,,,,,,,,,
17393,,,,,,,,,,,,,76.026291,80.503281,0.213468,0.214996,,,,,,,,,,,,
17403,,,,,,,,,,,,,74.330376,78.642677,0.228503,0.231445,,,,,,,,,,,,
17413,,,,,,,,,,,,,73.392281,77.563187,0.166868,0.165658,,,,,,,,,,,,
17423,,,,,,,,,,,,,72.085144,76.138382,0.177106,0.176787,,,,,,,,,,,,
17433,,,,,,,,,,,,,70.999786,74.410179,0.185344,0.191295,,,,,,,,,,,,
17443,,,,,,,,,,,,,69.014069,72.429153,0.202982,0.208727,,,,,,,,,,,,
17455,,,,,,,,,,,,,64.162140,67.035591,0.250253,0.261363,,,,,,,,,,,,
17463,,,,,,,,,,,,,69.581528,72.649063,0.137440,0.159329,,,,,,,,,,,,
17473,,,,,,,,,,,,,67.829117,70.410141,0.151879,0.178892,,,,,,,,,,,,
17483,,,,,,,,,,,,,65.764107,68.479073,0.169856,0.195762,,,,,,,,,,,,
17493,,,,,,,,,,,,,64.596703,66.881073,0.179091,0.209621,,,,,,,,,,,,
17503,,,,,,,,,,,,,62.521439,65.532814,0.197820,0.221253,,,,,,,,,,,,
17513,,,,,,,,,,,,,61.225128,64.297623,0.151360,0.204569,,,,,,,,,,,,
17523,,,,,,,,,,,,,59.685413,63.360023,0.164170,0.211990,,,,,,,,,,,,
17533,,,,,,,,,,,,,58.469120,62.660912,0.173989,0.217167,,,,,,,,,,,,
17543,,,,,,,,,,,,,57.352638,61.423393,0.183033,0.227975,,,,,,,,,,,,
17553,,,,,,,,,,,,,55.888500,60.949062,0.195847,0.231246,,,,,,,,,,,,
17563,,,,,,,,,,,,,55.203358,60.551819,0.193065,0.261550,,,,,,,,,,,,
17573,,,,,,,,,,,,,54.072464,60.751053,0.202753,0.258668,,,,,,,,,,,,
17583,,,,,,,,,,,,,53.646782,60.352840,0.205475,0.261841,,,,,,,,,,,,
17593,,,,,,,,,,,,,53.329479,60.064098,0.207176,0.263977,,,,,,,,,,,,
17603,,,,,,,,,,,,,52.483604,59.781296,0.214332,0.266110,,,,,,,,,,,,
17613,,,,,,,,,,,,,52.319687,60.091961,0.155792,0.200034,,,,,,,,,,,,
17623,,,,,,,,,,,,,51.659893,59.836224,0.160096,0.200665,,,,,,,,,,,,
17635,,,,,,,,,,,,,47.604843,55.404011,0.199165,0.243948,,,,,,,,,,,,
17643,,,,,,,,,,,,,52.050522,60.612041,0.152337,0.189786,,,,,,,,,,,,
17653,,,,,,,,,,,,,51.414337,60.250648,0.156455,0.191392,,,,,,,,,,,,
17663,,,,,,,,,,,,,50.310875,59.915241,0.146160,0.176656,,,,,,,,,,,,
17673,,,,,,,,,,,,,48.913471,58.640060,0.158012,0.187405,,,,,,,,,,,,
17683,,,,,,,,,,,,,47.668812,58.023773,0.168585,0.191687,,,,,,,,,,,,
17693,,,,,,,,,,,,,47.191845,56.994247,0.171577,0.200308,,,,,,,,,,,,
17703,,,,,,,,,,,,,46.242386,56.123917,0.179484,0.207512,,,,,,,,,,,,
17713,,,,,,,,,,,,,45.995903,55.400616,0.159468,0.201411,,,,,,,,,,,,
17723,,,,,,,,,,,,,45.227634,54.772430,0.165355,0.206228,,,,,,,,,,,,
17733,,,,,,,,,,,,,45.117344,53.691628,0.164684,0.215788,,,,,,,,,,,,
17743,,,,,,,,,,,,,44.519855,53.373787,0.169005,0.217781,,,,,,,,,,,,
17753,,,,,,,,,,,,,44.001369,53.631855,0.172639,0.213964,,,,,,,,,,,,
17763,,,,,,,,,,,,,43.553345,53.289085,0.172439,0.244197,,,,,,,,,,,,
17773,,,,,,,,,,,,,43.165302,53.530128,0.174873,0.241119,,,,,,,,,,,,
17783,,,,,,,,,,,,,42.862961,53.219841,0.176510,0.243616,,,,,,,,,,,,
17793,,,,,,,,,,,,,42.596142,54.031776,0.177846,0.234729,,,,,,,,,,,,
17803,,,,,,,,,,,,,42.384724,53.642750,0.178669,0.237929,,,,,,,,,,,,
17813,,,,,,,,,,,,,42.183327,53.829433,0.155536,0.229595,,,,,,,,,,,,
17823,,,,,,,,,,,,,42.034103,54.013489,0.155339,0.226878,,,,,,,,,,,,
17835,,,,,,,,,,,,,39.044350,50.043018,0.184146,0.266500,,,,,,,,,,,,
17843,,,,,,,,,,,,,42.215218,55.482342,0.150712,0.210936,,,,,,,,,,,,
17853,,,,,,,,,,,,,41.493725,55.372066,0.156346,0.210890,,,,,,,,,,,,
17863,,,,,,,,,,,,,40.906986,54.763920,0.128548,0.181226,,,,,,,,,,,,
17873,,,,,,,,,,,,,39.873291,54.259594,0.136997,0.184662,,,,,,,,,,,,
17883,,,,,,,,,,,,,38.968262,53.240444,0.144340,0.193451,,,,,,,,,,,,
17893,,,,,,,,,,,,,38.241501,52.976921,0.150046,0.194736,,,,,,,,,,,,
17903,,,,,,,,,,,,,38.179577,52.760933,0.149116,0.195589,,,,,,,,,,,,
17913,,,,,,,,,,,,,38.125069,52.575920,0.141565,0.194690,,,,,,,,,,,,
17923,,,,,,,,,,,,,37.517334,51.851841,0.146097,0.200777,,,,,,,,,,,,
17933,,,,,,,,,,,,,37.021240,51.809368,0.149612,0.200056,,,,,,,,,,,,
17943,,,,,,,,,,,,,37.136051,51.755646,0.146994,0.199458,,,,,,,,,,,,
17953,,,,,,,,,,,,,36.141285,51.161663,0.155672,0.204381,,,,,,,,,,,,
17963,,,,,,,,,,,,,36.399845,50.671783,0.146349,0.214910,,,,,,,,,,,,
17973,,,,,,,,,,,,,35.528206,50.804195,0.153812,0.212769,,,,,,,,,,,,
17983,,,,,,,,,,,,,35.877419,50.362633,0.148996,0.216457,,,,,,,,,,,,
17993,,,,,,,,,,,,,35.095505,50.555531,0.155648,0.213761,,,,,,,,,,,,
18003,,,,,,,,,,,,,35.500221,50.679508,0.150353,0.211730,,,,,,,,,,,,
18013,,,,,,,,,,,,,34.774204,50.270676,0.150273,0.228066,,,,,,,,,,,,
18023,,,,,,,,,,,,,34.165298,49.929741,0.155258,0.231088,,,,,,,,,,,,
18035,,,,,,,,,,,,,33.804924,50.288006,0.157830,0.227046,,,,,,,,,,,,
18043,,,,,,,,,,,,,33.785389,50.325218,0.156998,0.226207,,,,,,,,,,,,
18053,,,,,,,,,,,,,33.323505,50.504436,0.160682,0.223913,,,,,,,,,,,,
18063,,,,,,,,,,,,,33.488731,50.669930,0.163508,0.239134,,,,,,,,,,,,
18073,,,,,,,,,,,,,33.626114,50.806725,0.161245,0.237545,,,,,,,,,,,,
18083,,,,,,,,,,,,,33.198311,50.924278,0.164720,0.236124,,,,,,,,,,,,
18093,,,,,,,,,,,,,33.368160,51.000340,0.162184,0.235104,,,,,,,,,,,,
18103,,,,,,,,,,,,,32.981762,51.088001,0.165288,0.233949,,,,,,,,,,,,
18113,,,,,,,,,,,,,33.200642,51.160126,0.177021,0.277884,,,,,,,,,,,,
18123,,,,,,,,,,,,,32.825634,51.740555,0.180331,0.272553,,,,,,,,,,,,
18133,,,,,,,,,,,,,33.066551,51.705093,0.177434,0.273388,,,,,,,,,,,,
18143,,,,,,,,,,,,,33.259468,52.748028,0.174978,0.263230,,,,,,,,,,,,
18153,,,,,,,,,,,,,33.440311,53.111462,0.172607,0.259795,,,,,,,,,,,,
18163,,,,,,,,,,,,,33.040997,53.406773,0.193017,0.260227,,,,,,,,,,,,
18173,,,,,,,,,,,,,33.246666,54.194611,0.190767,0.252394,,,,,,,,,,,,
18183,,,,,,,,,,,,,33.412647,54.301586,0.188881,0.251349,,,,,,,,,,,,
18193,,,,,,,,,,,,,34.109970,54.956776,0.181542,0.244691,,,,,,,,,,,,
18203,,,,,,,,,,,,,34.149372,54.959419,0.180775,0.244557,,,,,,,,,,,,
18213,,,,,,,,,,,,,34.180889,54.959026,0.196600,0.262203,,,,,,,,,,,,
18223,,,,,,,,,,,,,34.740200,54.941292,0.190839,0.262624,,,,,,,,,,,,
18235,,,,,,,,,,,,,32.321384,51.526428,0.215343,0.297701,,,,,,,,,,,,
18243,,,,,,,,,,,,,37.862766,59.000080,0.159137,0.222397,,,,,,,,,,,,
18253,,,,,,,,,,,,,37.297176,58.889721,0.164114,0.222956,,,,,,,,,,,,
18263,,,,,,,,,,,,,37.364635,58.252052,0.181822,0.271418,,,,,,,,,,,,
18273,,,,,,,,,,,,,37.448406,58.301155,0.180649,0.271333,,,,,,,,,,,,
18283,,,,,,,,,,,,,36.946362,58.297955,0.185434,0.271772,,,,,,,,,,,,
18293,,,,,,,,,,,,,37.076637,58.853668,0.183871,0.266510,,,,,,,,,,,,
18303,,,,,,,,,,,,,37.730797,58.776703,0.176937,0.267591,,,,,,,,,,,,
18313,,,,,,,,,,,,,37.725899,58.695312,0.191829,0.282046,,,,,,,,,,,,
18323,,,,,,,,,,,,,37.747555,59.212570,0.191516,0.277358,,,,,,,,,,,,
18333,,,,,,,,,,,,,37.748367,59.619308,0.191411,0.273694,,,,,,,,,,,,
18343,,,,,,,,,,,,,37.753242,59.968399,0.191265,0.270537,,,,,,,,,,,,
18353,,,,,,,,,,,,,37.749565,60.249390,0.191205,0.268005,,,,,,,,,,,,
18363,,,,,,,,,,,,,38.293079,59.945511,0.210985,0.285012,,,,,,,,,,,,
18373,,,,,,,,,,,,,38.209167,60.238941,0.212134,0.282624,,,,,,,,,,,,
18383,,,,,,,,,,,,,38.692211,61.044823,0.207517,0.274951,,,,,,,,,,,,
18393,,,,,,,,,,,,,38.549194,61.170769,0.209188,0.274052,,,,,,,,,,,,
18403,,,,,,,,,,,,,39.481232,61.766998,0.199923,0.268331,,,,,,,,,,,,
18413,,,,,,,,,,,,,39.235950,61.268890,0.216898,0.242413,,,,,,,,,,,,
18423,,,,,,,,,,,,,40.095726,61.358318,0.208515,0.241229,,,,,,,,,,,,
18435,,,,,,,,,,,,,37.389046,57.105640,0.236339,0.284317,,,,,,,,,,,,
18443,,,,,,,,,,,,,42.250183,63.560810,0.187511,0.219035,,,,,,,,,,,,
18453,,,,,,,,,,,,,42.617760,63.267155,0.183546,0.221300,,,,,,,,,,,,
18463,,,,,,,,,,,,,42.939762,62.492989,0.196940,0.220765,,,,,,,,,,,,
18473,,,,,,,,,,,,,42.667297,61.843456,0.199698,0.226721,,,,,,,,,,,,
18483,,,,,,,,,,,,,42.977905,60.746025,0.196563,0.237376,,,,,,,,,,,,
18493,,,,,,,,,,,,,42.703320,60.379128,0.199335,0.240800,,,,,,,,,,,,
18503,,,,,,,,,,,,,43.001850,60.593998,0.196316,0.238362,,,,,,,,,,,,
18513,,,,,,,,,,,,,43.250916,60.228073,0.204281,0.236070,,,,,,,,,,,,
18523,,,,,,,,,,,,,43.489540,59.958191,0.201970,0.238494,,,,,,,,,,,,
18533,,,,,,,,,,,,,44.192898,59.678360,0.194871,0.241074,,,,,,,,,,,,
18543,,,,,,,,,,,,,44.277145,59.489151,0.193947,0.242786,,,,,,,,,,,,
18553,,,,,,,,,,,,,44.318306,59.291077,0.193445,0.244626,,,,,,,,,,,,
18563,,,,,,,,,,,,,44.388355,59.170731,0.206990,0.248050,,,,,,,,,,,,
18573,,,,,,,,,,,,,44.409061,59.019474,0.206956,0.249521,,,,,,,,,,,,
18583,,,,,,,,,,,,,44.446964,58.918991,0.206742,0.250506,,,,,,,,,,,,
18593,,,,,,,,,,,,,44.488785,58.847431,0.206481,0.251215,,,,,,,,,,,,
18603,,,,,,,,,,,,,45.056461,58.771454,0.200848,0.251984,,,,,,,,,,,,
18613,,,,,,,,,,,,,44.979664,58.694588,0.216957,0.255834,,,,,,,,,,,,
18623,,,,,,,,,,,,,45.472538,58.646557,0.212289,0.256409,,,,,,,,,,,,
18635,,,,,,,,,,,,,45.318829,58.168003,0.214117,0.261384,,,,,,,,,,,,
18643,,,,,,,,,,,,,45.949024,58.892437,0.207979,0.254184,,,,,,,,,,,,
18653,,,,,,,,,,,,,45.735615,58.802849,0.210321,0.255143,,,,,,,,,,,,
18663,,,,,,,,,,,,,46.104019,58.732094,0.228732,0.264110,,,,,,,,,,,,
18673,,,,,,,,,,,,,46.434628,59.243519,0.225925,0.259131,,,,,,,,,,,,
18683,,,,,,,,,,,,,46.689884,59.100098,0.223819,0.260729,,,,,,,,,,,,
18693,,,,,,,,,,,,,47.461185,59.538403,0.216399,0.256422,,,,,,,,,,,,
18703,,,,,,,,,,,,,47.557438,59.897381,0.215710,0.252836,,,,,,,,,,,,
18713,,,,,,,,,,,,,48.139908,60.147751,0.268106,0.307549,,,,,,,,,,,,
18723,,,,,,,,,,,,,48.698460,60.440567,0.263705,0.305639,,,,,,,,,,,,
18733,,,,,,,,,,,,,49.138126,60.650585,0.260404,0.304515,,,,,,,,,,,,
18743,,,,,,,,,,,,,50.066227,60.842983,0.252034,0.303529,,,,,,,,,,,,
18753,,,,,,,,,,,,,50.296314,61.542706,0.250597,0.297330,,,,,,,,,,,,
18763,,,,,,,,,,,,,51.032875,62.129379,0.276828,0.309139,,,,,,,,,,,,
18773,,,,,,,,,,,,,51.123569,62.642708,0.277264,0.304917,,,,,,,,,,,,
18783,,,,,,,,,,,,,52.243992,63.021912,0.267180,0.301960,,,,,,,,,,,,
18793,,,,,,,,,,,,,52.686489,63.391605,0.263786,0.299025,,,,,,,,,,,,
18803,,,,,,,,,,,,,53.588566,64.229645,0.255616,0.291238,,,,,,,,,,,,
18813,,,,,,,,,,,,,53.808205,64.396385,0.250087,0.243769,,,,,,,,,,,,
18823,,,,,,,,,,,,,54.521278,64.518066,0.243539,0.242179,,,,,,,,,,,,
18834,,,,,,,,,,,,,51.122574,60.010998,0.278789,0.287778,,,,,,,,,,,,
18843,,,,,,,,,,,,,57.572811,66.317467,0.214259,0.223980,,,,,,,,,,,,
18853,,,,,,,,,,,,,57.171032,65.619942,0.218330,0.230362,,,,,,,,,,,,
18863,,,,,,,,,,,,,57.345222,64.997757,0.237705,0.237015,,,,,,,,,,,,
18873,,,,,,,,,,,,,56.972549,64.501678,0.241938,0.241624,,,,,,,,,,,,
18883,,,,,,,,,,,,,57.185608,64.064667,0.240271,0.245729,,,,,,,,,,,,
18893,,,,,,,,,,,,,57.368572,64.245148,0.238868,0.243624,,,,,,,,,,,,
18903,,,,,,,,,,,,,57.526218,63.856655,0.237688,0.247286,,,,,,,,,,,,
18913,,,,,,,,,,,,,57.676479,63.548435,0.259660,0.259686,,,,,,,,,,,,
18923,,,,,,,,,,,,,58.313148,63.253811,0.253984,0.262716,,,,,,,,,,,,
18933,,,,,,,,,,,,,58.882160,63.039234,0.248872,0.264988,,,,,,,,,,,,
18943,,,,,,,,,,,,,58.806232,62.848866,0.250224,0.267056,,,,,,,,,,,,
18953,,,,,,,,,,,,,59.270565,62.672035,0.246081,0.269024,,,,,,,,,,,,
18963,,,,,,,,,,,,,59.668106,63.074425,0.268837,0.293155,,,,,,,,,,,,
18973,,,,,,,,,,,,,59.474022,62.885349,0.271753,0.295752,,,,,,,,,,,,
18983,,,,,,,,,,,,,59.855972,63.271511,0.268832,0.292520,,,,,,,,,,,,
18993,,,,,,,,,,,,,60.134293,63.550987,0.266892,0.290299,,,,,,,,,,,,
19003,,,,,,,,,,,,,60.408577,63.828468,0.264938,0.288043,,,,,,,,,,,,
19015,,,,,,,,,,,,,56.658955,59.985004,0.328916,0.354033,,,,,,,,,,,,
19023,,,,,,,,,,,,,64.323410,67.815720,0.252766,0.275962,,,,,,,,,,,,
19033,,,,,,,,,,,,,63.910759,67.393028,0.257469,0.280509,,,,,,,,,,,,
19043,,,,,,,,,,,,,63.587074,67.062202,0.261347,0.284204,,,,,,,,,,,,
19053,,,,,,,,,,,,,63.834011,66.757980,0.259470,0.287693,,,,,,,,,,,,
19063,,,,,,,,,,,,,63.530365,66.536171,0.349762,0.369398,,,,,,,,,,,,
19073,,,,,,,,,,,,,63.795589,67.957489,0.349408,0.356941,,,,,,,,,,,,
19083,,,,,,,,,,,,,65.111862,68.613686,0.338280,0.352005,,,,,,,,,,,,
19093,,,,,,,,,,,,,65.664009,69.154388,0.334683,0.348115,,,,,,,,,,,,
19103,,,,,,,,,,,,,66.682808,69.619614,0.326215,0.344886,,,,,,,,,,,,
19113,,,,,,,,,,,,,67.551468,70.567474,0.305122,0.292358,,,,,,,,,,,,
19123,,,,,,,,,,,,,67.738472,70.276138,0.304488,0.295696,,,,,,,,,,,,
19133,,,,,,,,,,,,,68.421410,70.556602,0.298758,0.293259,,,,,,,,,,,,
19143,,,,,,,,,,,,,68.999458,70.796005,0.293961,0.291186,,,,,,,,,,,,
19153,,,,,,,,,,,,,68.964455,71.021484,0.295302,0.289206,,,,,,,,,,,,
19163,,,,,,,,,,,,,69.973183,71.160942,0.363350,0.346899,,,,,,,,,,,,
19173,,,,,,,,,,,,,70.317696,71.861946,0.362142,0.341150,,,,,,,,,,,,
19183,,,,,,,,,,,,,71.170464,71.924103,0.355680,0.341777,,,,,,,,,,,,
19193,,,,,,,,,,,,,72.408562,72.498077,0.345118,0.337171,,,,,,,,,,,,
19203,,,,,,,,,,,,,73.432785,72.964272,0.336489,0.333549,,,,,,,,,,,,
19215,,,,,,,,,,,,,68.792358,67.960274,0.346921,0.327095,,,,,,,,,,,,
19223,,,,,,,,,,,,,76.577408,74.439178,0.269300,0.261903,,,,,,,,,,,,
19233,,,,,,,,,,,,,76.433777,74.089142,0.270995,0.265071,,,,,,,,,,,,
19243,,,,,,,,,,,,,75.735352,73.762581,0.278377,0.268070,,,,,,,,,,,,
19253,,,,,,,,,,,,,75.663071,73.460487,0.279512,0.270884,,,,,,,,,,,,
19263,,,,,,,,,,,,,75.703049,73.302513,0.279264,0.260239,,,,,,,,,,,,
19273,,,,,,,,,,,,,75.662125,73.098427,0.280081,0.261910,,,,,,,,,,,,
19283,,,,,,,,,,,,,75.656448,72.408958,0.280546,0.268572,,,,,,,,,,,,
19293,,,,,,,,,,,,,75.610977,72.335190,0.281419,0.269092,,,,,,,,,,,,
19303,,,,,,,,,,,,,75.623024,71.775505,0.281714,0.274583,,,,,,,,,,,,
19313,,,,,,,,,,,,,76.144936,71.275146,0.272033,0.272834,,,,,,,,,,,,
19323,,,,,,,,,,,,,76.060280,71.417755,0.273114,0.271241,,,,,,,,,,,,
19333,,,,,,,,,,,,,75.951950,70.958931,0.274453,0.275755,,,,,,,,,,,,
19343,,,,,,,,,,,,,75.895500,71.149399,0.275285,0.273737,,,,,,,,,,,,
19353,,,,,,,,,,,,,75.852806,70.769043,0.275988,0.277504,,,,,,,,,,,,
19363,,,,,,,,,,,,,75.783356,70.962204,0.279008,0.273157,,,,,,,,,,,,
19373,,,,,,,,,,,,,75.712990,71.113342,0.280055,0.271494,,,,,,,,,,,,
19383,,,,,,,,,,,,,75.706451,70.745262,0.280466,0.275097,,,,,,,,,,,,
19393,,,,,,,,,,,,,75.693741,70.429001,0.280941,0.278245,,,,,,,,,,,,
19403,,,,,,,,,,,,,75.665062,70.146553,0.281581,0.281111,,,,,,,,,,,,
19415,,,,,,,,,,,,,70.406197,65.313477,0.345503,0.322970,,,,,,,,,,,,
19423,,,,,,,,,,,,,75.833260,71.548248,0.291746,0.260237,,,,,,,,,,,,
19433,,,,,,,,,,,,,75.795639,71.645248,0.292644,0.258862,,,,,,,,,,,,
19443,,,,,,,,,,,,,75.753189,71.172081,0.293599,0.263284,,,,,,,,,,,,
19453,,,,,,,,,,,,,75.713882,70.770691,0.294531,0.267068,,,,,,,,,,,,
19463,,,,,,,,,,,,,76.232651,69.894836,0.296027,0.252528,,,,,,,,,,,,
19473,,,,,,,,,,,,,76.125687,69.703636,0.297675,0.253968,,,,,,,,,,,,
19483,,,,,,,,,,,,,76.035690,68.998055,0.299172,0.260693,,,,,,,,,,,,
19493,,,,,,,,,,,,,76.482155,68.385780,0.295214,0.266607,,,,,,,,,,,,
19503,,,,,,,,,,,,,76.351227,67.902687,0.297057,0.271326,,,,,,,,,,,,
19513,,,,,,,,,,,,,76.175323,67.981865,0.370632,0.301091,,,,,,,,,,,,
19523,,,,,,,,,,,,,76.658607,67.579468,0.367668,0.305670,,,,,,,,,,,,
19533,,,,,,,,,,,,,77.557831,68.286476,0.360365,0.299013,,,,,,,,,,,,
19543,,,,,,,,,,,,,78.809738,68.298309,0.349284,0.299305,,,,,,,,,,,,
19553,,,,,,,,,,,,,79.451820,67.869728,0.344174,0.304087,,,,,,,,,,,,
19563,,,,,,,,,,,,,79.895004,67.975792,0.338239,0.288863,,,,,,,,,,,,
19573,,,,,,,,,,,,,80.312317,67.556686,0.335151,0.293326,,,,,,,,,,,,
19583,,,,,,,,,,,,,80.641197,67.730873,0.332881,0.291821,,,,,,,,,,,,
19593,,,,,,,,,,,,,81.446037,67.864388,0.325690,0.290696,,,,,,,,,,,,
19603,,,,,,,,,,,,,81.582054,67.435005,0.325161,0.295286,,,,,,,,,,,,
19615,,,,,,,,,,,,,79.689560,67.786240,0.262050,0.238901,,,,,,,,,,,,
19623,,,,,,,,,,,,,80.379463,67.698280,0.254590,0.238983,,,,,,,,,,,,
19633,,,,,,,,,,,,,79.640038,67.332535,0.261571,0.241916,,,,,,,,,,,,
19643,,,,,,,,,,,,,78.993858,66.459290,0.267749,0.250099,,,,,,,,,,,,
19653,,,,,,,,,,,,,78.987411,66.263092,0.267531,0.251550,,,,,,,,,,,,
19663,,,,,,,,,,,,,78.393410,66.059883,0.248334,0.226122,,,,,,,,,,,,
19673,,,,,,,,,,,,,77.987061,65.422935,0.251826,0.231619,,,,,,,,,,,,
19683,,,,,,,,,,,,,77.580307,64.833946,0.255402,0.236755,,,,,,,,,,,,
19693,,,,,,,,,,,,,76.738976,64.376633,0.263493,0.240666,,,,,,,,,,,,
19703,,,,,,,,,,,,,76.544518,64.509712,0.265154,0.238646,,,,,,,,,,,,
19713,,,,,,,,,,,,,75.828529,64.070450,0.264531,0.210537,,,,,,,,,,,,
19723,,,,,,,,,,,,,75.796455,63.722424,0.264567,0.212860,,,,,,,,,,,,
19733,,,,,,,,,,,,,75.187706,62.854797,0.270493,0.220553,,,,,,,,,,,,
19743,,,,,,,,,,,,,75.270493,62.710392,0.269486,0.221042,,,,,,,,,,,,
19753,,,,,,,,,,,,,74.737198,62.539902,0.274747,0.221826,,,,,,,,,,,,
19763,,,,,,,,,,,,,74.880615,61.891277,0.346529,0.228091,,,,,,,,,,,,
19773,,,,,,,,,,,,,75.532791,60.790619,0.341214,0.238538,,,,,,,,,,,,
19783,,,,,,,,,,,,,76.091568,60.416649,0.336720,0.241793,,,,,,,,,,,,
19793,,,,,,,,,,,,,76.526672,60.619705,0.333377,0.239237,,,,,,,,,,,,
19803,,,,,,,,,,,,,76.920288,60.267277,0.330370,0.242307,,,,,,,,,,,,
19815,,,,,,,,,,,,,72.216454,59.968319,0.335285,0.201586,,,,,,,,,,,,
19823,,,,,,,,,,,,,79.997169,59.718273,0.256928,0.202892,,,,,,,,,,,,
19833,,,,,,,,,,,,,79.784203,59.467300,0.258552,0.204257,,,,,,,,,,,,
19843,,,,,,,,,,,,,79.157272,58.235909,0.264440,0.215673,,,,,,,,,,,,
19853,,,,,,,,,,,,,78.556572,57.693253,0.270186,0.220310,,,,,,,,,,,,
19863,,,,,,,,,,,,,77.635536,56.409943,0.297678,0.261798,,,,,,,,,,,,
19873,,,,,,,,,,,,,77.818565,55.415340,0.296095,0.271982,,,,,,,,,,,,
19883,,,,,,,,,,,,,77.946159,55.300983,0.295040,0.273387,,,,,,,,,,,,
19893,,,,,,,,,,,,,77.578232,55.253399,0.299014,0.274134,,,,,,,,,,,,
19903,,,,,,,,,,,,,77.238708,55.735416,0.302772,0.269488,,,,,,,,,,,,
19913,,,,,,,,,,,,,76.990189,56.169701,0.325410,0.285540,,,,,,,,,,,,
19923,,,,,,,,,,,,,76.765480,56.523045,0.328501,0.282421,,,,,,,,,,,,
19933,,,,,,,,,,,,,77.132515,56.828693,0.325602,0.279719,,,,,,,,,,,,
19943,,,,,,,,,,,,,76.868462,57.064564,0.329066,0.277667,,,,,,,,,,,,
19953,,,,,,,,,,,,,76.681068,57.289902,0.331801,0.275675,,,,,,,,,,,,
19963,,,,,,,,,,,,,77.032669,57.452625,0.429880,0.309401,,,,,,,,,,,,
19973,,,,,,,,,,,,,77.862137,57.582153,0.424187,0.308998,,,,,,,,,,,,
19983,,,,,,,,,,,,,79.154053,58.271038,0.413611,0.302863,,,,,,,,,,,,
19993,,,,,,,,,,,,,80.182549,58.808529,0.405464,0.298135,,,,,,,,,,,,
20003,,,,,,,,,,,,,81.640717,59.295044,0.392728,0.293819,,,,,,,,,,,,
20015,,,,,,,,,,,,,80.676682,59.570381,0.382399,0.283099,,,,,,,,,,,,
20023,,,,,,,,,,,,,81.873039,60.116573,0.371803,0.277856,,,,,,,,,,,,
20033,,,,,,,,,,,,,82.479797,59.824524,0.366982,0.281054,,,,,,,,,,,,
20043,,,,,,,,,,,,,83.550957,60.134205,0.357303,0.278173,,,,,,,,,,,,
20053,,,,,,,,,,,,,83.916069,60.400650,0.354611,0.275671,,,,,,,,,,,,
20063,,,,,,,,,,,,,84.216469,60.075558,0.381626,0.302774,,,,,,,,,,,,
20073,,,,,,,,,,,,,85.557983,60.346405,0.369412,0.300701,,,,,,,,,,,,
20083,,,,,,,,,,,,,86.142357,60.574295,0.364653,0.299013,,,,,,,,,,,,
20093,,,,,,,,,,,,,86.651047,60.777809,0.360550,0.297528,,,,,,,,,,,,
20103,,,,,,,,,,,,,87.074806,61.490974,0.357211,0.290804,,,,,,,,,,,,
20113,,,,,,,,,,,,,86.893303,61.551071,0.401085,0.337440,,,,,,,,,,,,
20123,,,,,,,,,,,,,87.247520,62.118855,0.399213,0.332963,,,,,,,,,,,,
20133,,,,,,,,,,,,,88.123016,62.620365,0.391953,0.329048,,,,,,,,,,,,
20143,,,,,,,,,,,,,88.830269,63.565491,0.386234,0.320508,,,,,,,,,,,,
20153,,,,,,,,,,,,,89.441505,64.372681,0.381354,0.313186,,,,,,,,,,,,
20163,,,,,,,,,,,,,89.428368,64.519844,0.514161,0.393507,,,,,,,,,,,,
20173,,,,,,,,,,,,,90.509018,65.189842,0.506950,0.388983,,,,,,,,,,,,
20183,,,,,,,,,,,,,92.474251,66.818703,0.490500,0.374544,,,,,,,,,,,,
20196,,,,,,,,,,,,,88.237190,63.608715,0.536920,0.409136,,,,,,,,,,,,
20203,,,,,,,,,,,,,96.144218,71.041527,0.460318,0.335813,,,,,,,,,,,,
20213,,,,,,,,,,,,,97.773193,72.296318,0.438473,0.406218,,,,,,,,,,,,
20223,,,,,,,,,,,,,98.018723,72.780190,0.437960,0.403649,,,,,,,,,,,,
20233,,,,,,,,,,,,,98.815773,73.221985,0.431773,0.401412,,,,,,,,,,,,
20243,,,,,,,,,,,,,98.966980,74.158562,0.432013,0.394040,,,,,,,,,,,,
20253,,,,,,,,,,,,,99.594040,75.455597,0.427370,0.382804,,,,,,,,,,,,
20263,,,,,,,,,,,,,100.134705,76.557365,0.458116,0.503811,,,,,,,,,,,,
20273,,,,,,,,,,,,,100.578194,78.563576,0.455791,0.487421,,,,,,,,,,,,
20283,,,,,,,,,,,,,100.427711,80.814873,0.459436,0.468129,,,,,,,,,,,,
20293,,,,,,,,,,,,,100.291618,82.700287,0.462963,0.452120,,,,,,,,,,,,
20303,,,,,,,,,,,,,100.746193,84.308762,0.460494,0.438558,,,,,,,,,,,,
20313,,,,,,,,,,,,,101.650360,85.641518,0.495411,0.573855,,,,,,,,,,,,
20323,,,,,,,,,,,,,101.856728,87.842621,0.496026,0.556530,,,,,,,,,,,,
20333,,,,,,,,,,,,,102.559479,91.311790,0.491537,0.525831,,,,,,,,,,,,
20343,,,,,,,,,,,,,103.722397,95.347900,0.482213,0.488654,,,,,,,,,,,,
20353,,,,,,,,,,,,,105.245529,98.199234,0.468983,0.462756,,,,,,,,,,,,
20363,,,,,,,,,,,,,104.914413,99.531021,0.647635,0.644202,,,,,,,,,,,,
20373,,,,,,,,,,,,,105.672516,100.599258,0.645367,0.639428,,,,,,,,,,,,
20383,,,,,,,,,,,,,107.954712,103.142021,0.627401,0.619399,,,,,,,,,,,,
20395,,,,,,,,,,,,,107.074631,103.476387,0.641235,0.621387,,,,,,,,,,,,
20403,,,,,,,,,,,,,112.072128,109.044563,0.595293,0.569924,,,,,,,,,,,,
20413,,,,,,,,,,,,,113.920654,112.463440,0.469419,0.650915,,,,,,,,,,,,
20423,,,,,,,,,,,,,114.904213,114.222443,0.460873,0.638697,,,,,,,,,,,,
20433,,,,,,,,,,,,,114.689934,117.390755,0.464348,0.611752,,,,,,,,,,,,
20443,,,,,,,,,,,,,114.387733,120.454559,0.468762,0.585240,,,,,,,,,,,,
20453,,,,,,,,,,,,,113.741188,124.313118,0.476750,0.550008,,,,,,,,,,,,
20463,,,,,,,,,,,,,113.042236,123.563118,0.422315,0.664069,,,,,,,,,,,,
20473,,,,,,,,,,,,,110.399147,124.164589,0.449700,0.663458,,,,,,,,,,,,
20483,,,,,,,,,,,,,108.118759,125.683800,0.473913,0.653367,,,,,,,,,,,,
20493,,,,,,,,,,,,,107.855324,128.625717,0.478009,0.628460,,,,,,,,,,,,
20503,,,,,,,,,,,,,108.223763,132.798920,0.475713,0.590405,,,,,,,,,,,,
20513,,,,,,,,,,,,,107.382698,131.324875,0.389561,0.666054,,,,,,,,,,,,
20523,,,,,,,,,,,,,105.611206,131.750916,0.407302,0.666797,,,,,,,,,,,,
20533,,,,,,,,,,,,,103.538971,133.143585,0.428465,0.657596,,,,,,,,,,,,
20543,,,,,,,,,,,,,102.348129,135.960571,0.441052,0.633587,,,,,,,,,,,,
20553,,,,,,,,,,,,,101.381233,137.840698,0.451593,0.618572,,,,,,,,,,,,
20563,,,,,,,,,,,,,99.997475,135.572906,0.551512,0.755071,,,,,,,,,,,,
20573,,,,,,,,,,,,,99.928040,136.939560,0.555035,0.747519,,,,,,,,,,,,
20583,,,,,,,,,,,,,101.527504,140.302521,0.541548,0.719331,,,,,,,,,,,,
20595,,,,,,,,,,,,,100.499702,138.445404,0.554540,0.743715,,,,,,,,,,,,
20603,,,,,,,,,,,,,102.233521,141.937195,0.539569,0.713912,,,,,,,,,,,,
20613,,,,,,,,,,,,,103.404663,142.244263,0.277058,0.567485,,,,,,,,,,,,
20623,,,,,,,,,,,,,103.367142,144.773438,0.274614,0.543831,,,,,,,,,,,,
20633,,,,,,,,,,,,,102.208122,145.753098,0.283617,0.535476,,,,,,,,,,,,
20643,,,,,,,,,,,,,97.971863,143.318939,0.324239,0.561746,,,,,,,,,,,,
